trade_id,order_id,instrument_symbol,trader_name,strategy_name,entry_date,exit_date,entry_price,exit_price,quantity,gross_pnl,transaction_cost,net_pnl,return_percentage,holding_period_days
1,19770,SYM007,Trader_16,Volatility Arbitrage,2023-08-01,2023-08-25,170.81,405.92,4971,-1168754.76,679.28,-1169434.04,-137.7269,24
2,1076,SYM013,Trader_19,Scalping,2023-01-13,2023-03-04,406.42,1279.86,233,203512.48,75.76,203436.72,214.8317,50
3,47643,SYM044,Trader_14,Pairs Trading,2023-05-30,2023-07-19,125.95,201.32,4573,344652.93,460.78,344192.15,59.7588,50
4,55822,SYM008,Trader_09,Momentum Breakout,2024-06-17,2024-07-04,197.24,189.02,4075,33491.91,643.0,32848.91,4.0869,17
5,14142,SYM009,Trader_02,Trend Following,2024-10-24,2024-11-03,238.85,206.15,434,-14193.96,82.93,-14276.89,-13.7727,10
6,7837,SYM038,Trader_17,Statistical Arbitrage,2023-04-19,2023-05-01,524.95,427.21,51,4984.66,21.42,4963.24,18.5386,12
7,21052,SYM039,Trader_05,Market Making,2023-10-05,2023-10-12,175.19,192.09,4722,79801.68,661.8,79139.88,9.5667,7
8,46430,SYM038,Trader_15,Momentum Breakout,2024-11-15,2024-12-27,757.19,122.58,3359,-2955142.83,2034.72,-1231776.6125,-116.2686,42
9,27428,SYM012,Trader_18,Swing Trading,2023-03-13,2023-03-28,480.74,338.39,1789,254672.32,688.04,253984.28,29.5315,15
10,58910,SYM009,Trader_20,Mean Reversion,2023-03-30,2023-04-08,216.02,272.33,2857,-160887.79,493.74,-161381.53,-26.1487,9
11,55076,SYM029,Trader_06,Momentum Breakout,2023-02-27,2023-03-18,330.57,383.11,675,-35466.65,178.51,-35645.16,-15.9747,19
12,20054,SYM046,Trader_17,Volatility Arbitrage,2023-07-28,2023-08-05,69.45,67.04,947,2281.05,52.62,2228.43,3.3883,8
13,51293,SYM031,Trader_16,Mean Reversion,2023-12-15,2024-01-17,473.11,68.6,4293,-1736576.95,1624.85,-1231776.6125,-85.581,33
14,2137,SYM029,Trader_15,Trend Following,2023-08-16,2023-08-21,364.65,302.13,2655,165999.28,774.52,165224.76,17.0661,5
15,957,SYM011,Trader_02,Market Making,2023-10-03,2023-10-29,48.87,7.9,2517,103117.13,98.4,103018.73,83.7511,26
